net_id,E-E,E-N,N-E,N-N
rand_0.1_0_net.csv,908,1264,1479,5404
rand_0.1_1_net.csv,846,1297,1570,5342
rand_0.1_10_net.csv,644,1374,1897,5139
rand_0.1_100_net.csv,608,1405,1938,5105
rand_0.1_101_net.csv,605,1401,1948,5102
rand_0.1_102_net.csv,585,1433,1956,5082
rand_0.1_103_net.csv,600,1403,1956,5097
rand_0.1_104_net.csv,606,1424,1923,5103
rand_0.1_105_net.csv,619,1423,1898,5116
rand_0.1_106_net.csv,613,1412,1921,5110
rand_0.1_107_net.csv,605,1399,1950,5102
rand_0.1_108_net.csv,603,1404,1949,5100
rand_0.1_109_net.csv,609,1396,1945,5106
rand_0.1_11_net.csv,633,1378,1915,5128
rand_0.1_110_net.csv,608,1400,1943,5105
rand_0.1_111_net.csv,613,1390,1943,5110
rand_0.1_112_net.csv,613,1404,1929,5110
rand_0.1_113_net.csv,623,1408,1905,5120
rand_0.1_114_net.csv,619,1394,1927,5116
rand_0.1_115_net.csv,630,1397,1902,5127
rand_0.1_116_net.csv,623,1394,1919,5120
rand_0.1_117_net.csv,611,1382,1955,5108
rand_0.1_118_net.csv,601,1397,1960,5098
rand_0.1_119_net.csv,601,1408,1949,5098
rand_0.1_12_net.csv,621,1390,1927,5119
rand_0.1_120_net.csv,598,1416,1947,5095
rand_0.1_121_net.csv,599,1412,1949,5096
rand_0.1_122_net.csv,592,1419,1956,5089
rand_0.1_123_net.csv,602,1424,1931,5099
rand_0.1_124_net.csv,599,1418,1943,5096
rand_0.1_125_net.csv,587,1445,1940,5084
rand_0.1_126_net.csv,601,1426,1931,5098
rand_0.1_127_net.csv,604,1418,1933,5101
rand_0.1_128_net.csv,595,1413,1956,5092
rand_0.1_129_net.csv,595,1414,1955,5092
rand_0.1_13_net.csv,622,1383,1932,5120
rand_0.1_130_net.csv,579,1442,1959,5076
rand_0.1_131_net.csv,580,1442,1957,5077
rand_0.1_132_net.csv,581,1437,1960,5078
rand_0.1_133_net.csv,603,1405,1948,5100
rand_0.1_134_net.csv,599,1420,1941,5096
rand_0.1_135_net.csv,598,1421,1942,5095
rand_0.1_136_net.csv,601,1398,1959,5098
rand_0.1_137_net.csv,611,1417,1920,5108
rand_0.1_138_net.csv,617,1395,1930,5114
rand_0.1_139_net.csv,613,1384,1949,5110
rand_0.1_14_net.csv,633,1380,1913,5130
rand_0.1_140_net.csv,597,1426,1939,5094
rand_0.1_141_net.csv,594,1429,1942,5091
rand_0.1_142_net.csv,597,1409,1956,5094
rand_0.1_143_net.csv,595,1416,1953,5092
rand_0.1_144_net.csv,598,1406,1957,5095
rand_0.1_145_net.csv,600,1418,1941,5097
rand_0.1_146_net.csv,598,1408,1955,5095
rand_0.1_147_net.csv,586,1420,1967,5083
rand_0.1_148_net.csv,598,1413,1950,5095
rand_0.1_149_net.csv,598,1403,1960,5095
rand_0.1_15_net.csv,622,1384,1931,5119
rand_0.1_150_net.csv,588,1427,1956,5085
rand_0.1_151_net.csv,588,1413,1970,5085
rand_0.1_152_net.csv,579,1412,1989,5076
rand_0.1_153_net.csv,590,1412,1967,5087
rand_0.1_154_net.csv,584,1409,1982,5081
rand_0.1_155_net.csv,587,1420,1965,5084
rand_0.1_156_net.csv,597,1409,1956,5094
rand_0.1_157_net.csv,597,1410,1955,5094
rand_0.1_158_net.csv,594,1410,1961,5091
rand_0.1_159_net.csv,585,1441,1948,5082
rand_0.1_16_net.csv,634,1367,1924,5131
rand_0.1_160_net.csv,603,1398,1955,5100
rand_0.1_161_net.csv,599,1406,1955,5096
rand_0.1_162_net.csv,599,1403,1958,5096
rand_0.1_163_net.csv,607,1409,1936,5104
rand_0.1_164_net.csv,605,1396,1953,5102
rand_0.1_165_net.csv,611,1400,1937,5108
rand_0.1_166_net.csv,614,1382,1949,5111
rand_0.1_167_net.csv,607,1393,1952,5104
rand_0.1_168_net.csv,610,1402,1937,5107
rand_0.1_169_net.csv,611,1406,1931,5108
rand_0.1_17_net.csv,625,1366,1943,5122
rand_0.1_170_net.csv,621,1411,1906,5118
rand_0.1_171_net.csv,619,1385,1936,5116
rand_0.1_172_net.csv,606,1410,1937,5103
rand_0.1_173_net.csv,612,1402,1933,5109
rand_0.1_174_net.csv,610,1402,1937,5106
rand_0.1_175_net.csv,610,1415,1924,5106
rand_0.1_176_net.csv,614,1406,1925,5110
rand_0.1_177_net.csv,617,1419,1906,5113
rand_0.1_178_net.csv,612,1439,1896,5108
rand_0.1_179_net.csv,603,1430,1923,5099
rand_0.1_18_net.csv,629,1359,1942,5126
rand_0.1_180_net.csv,586,1459,1928,5082
rand_0.1_181_net.csv,595,1433,1936,5091
rand_0.1_182_net.csv,593,1443,1930,5089
rand_0.1_183_net.csv,600,1457,1902,5096
rand_0.1_184_net.csv,600,1447,1912,5096
rand_0.1_185_net.csv,601,1441,1916,5097
rand_0.1_186_net.csv,601,1433,1924,5097
rand_0.1_187_net.csv,615,1413,1916,5111
rand_0.1_188_net.csv,612,1417,1918,5108
rand_0.1_189_net.csv,623,1400,1913,5119
rand_0.1_19_net.csv,627,1374,1931,5124
rand_0.1_190_net.csv,619,1411,1910,5115
rand_0.1_191_net.csv,599,1436,1925,5095
rand_0.1_192_net.csv,611,1416,1921,5107
rand_0.1_193_net.csv,598,1449,1914,5094
rand_0.1_194_net.csv,598,1431,1932,5094
rand_0.1_195_net.csv,609,1432,1909,5105
rand_0.1_196_net.csv,617,1425,1900,5113
rand_0.1_197_net.csv,597,1427,1938,5093
rand_0.1_198_net.csv,593,1432,1941,5089
rand_0.1_199_net.csv,592,1471,1904,5088
rand_0.1_2_net.csv,793,1314,1659,5289
rand_0.1_20_net.csv,618,1380,1943,5115
rand_0.1_200_net.csv,591,1467,1910,5087
rand_0.1_201_net.csv,595,1439,1930,5091
rand_0.1_202_net.csv,596,1443,1924,5092
rand_0.1_203_net.csv,594,1434,1937,5090
rand_0.1_204_net.csv,594,1434,1937,5090
rand_0.1_205_net.csv,601,1438,1919,5097
rand_0.1_206_net.csv,587,1447,1938,5083
rand_0.1_207_net.csv,612,1405,1930,5108
rand_0.1_208_net.csv,602,1425,1930,5098
rand_0.1_209_net.csv,600,1424,1935,5096
rand_0.1_21_net.csv,625,1373,1936,5122
rand_0.1_210_net.csv,591,1431,1946,5087
rand_0.1_211_net.csv,592,1453,1922,5088
rand_0.1_212_net.csv,590,1462,1917,5086
rand_0.1_213_net.csv,590,1458,1921,5086
rand_0.1_214_net.csv,591,1457,1920,5087
rand_0.1_215_net.csv,598,1451,1912,5094
rand_0.1_216_net.csv,600,1436,1923,5096
rand_0.1_217_net.csv,614,1400,1931,5110
rand_0.1_218_net.csv,616,1394,1933,5112
rand_0.1_219_net.csv,622,1406,1909,5118
rand_0.1_22_net.csv,625,1388,1921,5122
rand_0.1_220_net.csv,613,1404,1929,5109
rand_0.1_221_net.csv,618,1418,1905,5114
rand_0.1_222_net.csv,607,1420,1925,5103
rand_0.1_223_net.csv,618,1404,1919,5114
rand_0.1_224_net.csv,613,1415,1918,5109
rand_0.1_225_net.csv,594,1430,1941,5090
rand_0.1_226_net.csv,590,1434,1945,5086
rand_0.1_227_net.csv,582,1443,1952,5078
rand_0.1_228_net.csv,584,1440,1951,5080
rand_0.1_229_net.csv,593,1457,1916,5089
rand_0.1_23_net.csv,630,1381,1918,5127
rand_0.1_230_net.csv,596,1466,1901,5092
rand_0.1_231_net.csv,597,1473,1892,5093
rand_0.1_232_net.csv,606,1456,1891,5102
rand_0.1_233_net.csv,607,1440,1905,5103
rand_0.1_234_net.csv,617,1431,1894,5113
rand_0.1_235_net.csv,614,1434,1897,5110
rand_0.1_236_net.csv,617,1407,1918,5113
rand_0.1_237_net.csv,627,1407,1898,5123
rand_0.1_238_net.csv,621,1407,1910,5117
rand_0.1_239_net.csv,612,1414,1921,5108
rand_0.1_24_net.csv,623,1384,1929,5120
rand_0.1_240_net.csv,620,1422,1897,5116
rand_0.1_241_net.csv,617,1408,1917,5113
rand_0.1_242_net.csv,619,1404,1917,5115
rand_0.1_243_net.csv,614,1416,1915,5110
rand_0.1_244_net.csv,606,1413,1934,5102
rand_0.1_245_net.csv,603,1451,1902,5099
rand_0.1_246_net.csv,622,1436,1879,5118
rand_0.1_247_net.csv,623,1423,1890,5119
rand_0.1_248_net.csv,620,1421,1898,5116
rand_0.1_249_net.csv,608,1406,1937,5104
rand_0.1_25_net.csv,621,1398,1919,5118
rand_0.1_250_net.csv,603,1431,1922,5099
rand_0.1_251_net.csv,605,1442,1907,5101
rand_0.1_252_net.csv,601,1425,1932,5097
rand_0.1_253_net.csv,609,1415,1926,5105
rand_0.1_254_net.csv,622,1412,1903,5118
rand_0.1_255_net.csv,607,1436,1909,5103
rand_0.1_256_net.csv,599,1451,1910,5095
rand_0.1_257_net.csv,601,1451,1906,5097
rand_0.1_258_net.csv,598,1454,1909,5094
rand_0.1_259_net.csv,604,1427,1924,5100
rand_0.1_26_net.csv,602,1397,1958,5099
rand_0.1_260_net.csv,601,1436,1921,5097
rand_0.1_261_net.csv,594,1441,1930,5090
rand_0.1_262_net.csv,593,1432,1941,5089
rand_0.1_263_net.csv,587,1425,1960,5083
rand_0.1_264_net.csv,593,1411,1962,5089
rand_0.1_265_net.csv,591,1419,1958,5087
rand_0.1_266_net.csv,579,1437,1964,5075
rand_0.1_267_net.csv,579,1442,1959,5075
rand_0.1_268_net.csv,572,1458,1957,5068
rand_0.1_269_net.csv,588,1454,1929,5084
rand_0.1_27_net.csv,597,1391,1974,5094
rand_0.1_270_net.csv,582,1467,1928,5078
rand_0.1_271_net.csv,600,1432,1927,5096
rand_0.1_272_net.csv,584,1448,1943,5080
rand_0.1_273_net.csv,594,1456,1915,5090
rand_0.1_274_net.csv,601,1454,1903,5097
rand_0.1_275_net.csv,606,1435,1912,5102
rand_0.1_276_net.csv,615,1411,1918,5111
rand_0.1_277_net.csv,612,1431,1904,5108
rand_0.1_278_net.csv,605,1448,1901,5101
rand_0.1_279_net.csv,596,1457,1910,5092
rand_0.1_28_net.csv,597,1398,1967,5094
rand_0.1_280_net.csv,595,1442,1927,5091
rand_0.1_281_net.csv,589,1452,1929,5085
rand_0.1_282_net.csv,591,1439,1938,5087
rand_0.1_283_net.csv,595,1428,1941,5091
rand_0.1_284_net.csv,595,1422,1947,5091
rand_0.1_285_net.csv,588,1438,1945,5084
rand_0.1_286_net.csv,591,1440,1937,5087
rand_0.1_287_net.csv,592,1437,1938,5088
rand_0.1_288_net.csv,588,1431,1952,5084
rand_0.1_289_net.csv,606,1408,1939,5102
rand_0.1_29_net.csv,591,1402,1975,5088
rand_0.1_290_net.csv,596,1413,1954,5092
rand_0.1_291_net.csv,610,1422,1917,5106
rand_0.1_292_net.csv,615,1411,1918,5111
rand_0.1_293_net.csv,624,1391,1920,5120
rand_0.1_294_net.csv,623,1388,1925,5119
rand_0.1_295_net.csv,609,1399,1942,5105
rand_0.1_296_net.csv,599,1399,1962,5095
rand_0.1_297_net.csv,594,1402,1969,5090
rand_0.1_298_net.csv,583,1433,1960,5079
rand_0.1_299_net.csv,579,1429,1972,5075
rand_0.1_3_net.csv,747,1350,1715,5243
rand_0.1_30_net.csv,581,1403,1994,5078
rand_0.1_300_net.csv,590,1406,1973,5086
rand_0.1_301_net.csv,601,1405,1952,5097
rand_0.1_302_net.csv,592,1410,1965,5088
rand_0.1_303_net.csv,606,1418,1929,5102
rand_0.1_304_net.csv,609,1403,1938,5105
rand_0.1_305_net.csv,618,1378,1945,5114
rand_0.1_306_net.csv,622,1381,1934,5118
rand_0.1_307_net.csv,611,1392,1945,5107
rand_0.1_308_net.csv,602,1413,1942,5098
rand_0.1_309_net.csv,599,1422,1939,5095
rand_0.1_31_net.csv,588,1404,1979,5085
rand_0.1_310_net.csv,607,1412,1933,5103
rand_0.1_311_net.csv,604,1417,1934,5100
rand_0.1_312_net.csv,617,1389,1936,5113
rand_0.1_313_net.csv,622,1409,1906,5118
rand_0.1_314_net.csv,616,1414,1913,5112
rand_0.1_315_net.csv,605,1423,1926,5101
rand_0.1_316_net.csv,595,1433,1936,5091
rand_0.1_317_net.csv,602,1418,1937,5098
rand_0.1_318_net.csv,611,1410,1927,5107
rand_0.1_319_net.csv,618,1409,1914,5114
rand_0.1_32_net.csv,590,1415,1964,5087
rand_0.1_320_net.csv,617,1403,1922,5113
rand_0.1_321_net.csv,621,1409,1908,5117
rand_0.1_322_net.csv,612,1404,1931,5108
rand_0.1_323_net.csv,618,1393,1930,5114
rand_0.1_324_net.csv,620,1381,1938,5116
rand_0.1_325_net.csv,613,1389,1944,5109
rand_0.1_326_net.csv,597,1401,1964,5093
rand_0.1_327_net.csv,582,1417,1978,5078
rand_0.1_328_net.csv,581,1422,1975,5077
rand_0.1_329_net.csv,572,1429,1986,5068
rand_0.1_33_net.csv,608,1412,1931,5105
rand_0.1_330_net.csv,581,1436,1961,5077
rand_0.1_331_net.csv,585,1428,1961,5081
rand_0.1_332_net.csv,598,1414,1949,5094
rand_0.1_333_net.csv,616,1424,1903,5112
rand_0.1_334_net.csv,621,1409,1908,5117
rand_0.1_335_net.csv,615,1446,1883,5111
rand_0.1_336_net.csv,609,1460,1881,5105
rand_0.1_337_net.csv,615,1442,1887,5111
rand_0.1_338_net.csv,616,1436,1891,5112
rand_0.1_339_net.csv,620,1436,1883,5116
rand_0.1_34_net.csv,602,1390,1965,5099
rand_0.1_340_net.csv,608,1446,1897,5104
rand_0.1_341_net.csv,608,1443,1900,5104
rand_0.1_342_net.csv,614,1438,1893,5110
rand_0.1_343_net.csv,609,1423,1918,5105
rand_0.1_344_net.csv,615,1419,1910,5111
rand_0.1_345_net.csv,602,1436,1919,5098
rand_0.1_346_net.csv,619,1420,1901,5115
rand_0.1_347_net.csv,614,1430,1901,5110
rand_0.1_348_net.csv,600,1438,1921,5096
rand_0.1_349_net.csv,621,1405,1912,5117
rand_0.1_35_net.csv,598,1399,1964,5095
rand_0.1_350_net.csv,613,1417,1916,5109
rand_0.1_351_net.csv,620,1420,1899,5116
rand_0.1_352_net.csv,607,1425,1920,5103
rand_0.1_353_net.csv,627,1413,1892,5123
rand_0.1_354_net.csv,625,1409,1900,5121
rand_0.1_355_net.csv,625,1420,1889,5121
rand_0.1_356_net.csv,610,1424,1915,5106
rand_0.1_357_net.csv,602,1430,1925,5098
rand_0.1_358_net.csv,603,1422,1931,5099
rand_0.1_359_net.csv,617,1408,1917,5113
rand_0.1_36_net.csv,605,1429,1920,5102
rand_0.1_360_net.csv,616,1401,1926,5112
rand_0.1_361_net.csv,614,1403,1928,5110
rand_0.1_362_net.csv,626,1397,1910,5122
rand_0.1_363_net.csv,620,1400,1919,5116
rand_0.1_364_net.csv,612,1411,1924,5108
rand_0.1_365_net.csv,619,1415,1906,5115
rand_0.1_366_net.csv,624,1400,1911,5120
rand_0.1_367_net.csv,634,1384,1907,5130
rand_0.1_368_net.csv,638,1393,1890,5134
rand_0.1_369_net.csv,631,1397,1900,5127
rand_0.1_37_net.csv,595,1423,1946,5092
rand_0.1_370_net.csv,633,1390,1903,5129
rand_0.1_371_net.csv,624,1400,1911,5120
rand_0.1_372_net.csv,634,1409,1882,5130
rand_0.1_373_net.csv,638,1399,1884,5134
rand_0.1_374_net.csv,628,1401,1902,5124
rand_0.1_375_net.csv,633,1398,1895,5129
rand_0.1_376_net.csv,639,1372,1909,5135
rand_0.1_377_net.csv,629,1371,1930,5125
rand_0.1_378_net.csv,615,1385,1944,5111
rand_0.1_379_net.csv,612,1392,1943,5108
rand_0.1_38_net.csv,598,1426,1937,5095
rand_0.1_380_net.csv,613,1396,1937,5109
rand_0.1_381_net.csv,615,1383,1946,5111
rand_0.1_382_net.csv,611,1395,1942,5107
rand_0.1_383_net.csv,615,1397,1932,5111
rand_0.1_384_net.csv,610,1400,1939,5106
rand_0.1_385_net.csv,602,1409,1946,5098
rand_0.1_386_net.csv,602,1404,1951,5098
rand_0.1_387_net.csv,594,1401,1970,5090
rand_0.1_388_net.csv,593,1402,1971,5089
rand_0.1_389_net.csv,597,1408,1957,5093
rand_0.1_39_net.csv,597,1412,1953,5094
rand_0.1_390_net.csv,592,1419,1956,5088
rand_0.1_391_net.csv,594,1432,1939,5090
rand_0.1_392_net.csv,609,1390,1951,5105
rand_0.1_393_net.csv,603,1387,1966,5099
rand_0.1_394_net.csv,606,1401,1946,5102
rand_0.1_395_net.csv,597,1421,1944,5093
rand_0.1_396_net.csv,614,1426,1905,5110
rand_0.1_397_net.csv,614,1416,1915,5110
rand_0.1_398_net.csv,613,1414,1919,5109
rand_0.1_399_net.csv,607,1408,1937,5103
rand_0.1_4_net.csv,731,1361,1736,5227
rand_0.1_40_net.csv,604,1397,1954,5101
rand_0.1_400_net.csv,616,1423,1904,5112
rand_0.1_401_net.csv,613,1416,1917,5109
rand_0.1_402_net.csv,611,1420,1917,5107
rand_0.1_403_net.csv,601,1418,1939,5097
rand_0.1_404_net.csv,582,1447,1948,5078
rand_0.1_405_net.csv,592,1440,1935,5088
rand_0.1_406_net.csv,596,1439,1928,5092
rand_0.1_407_net.csv,598,1413,1950,5094
rand_0.1_408_net.csv,592,1442,1933,5088
rand_0.1_409_net.csv,596,1433,1934,5092
rand_0.1_41_net.csv,596,1410,1957,5093
rand_0.1_410_net.csv,595,1428,1941,5091
rand_0.1_411_net.csv,596,1437,1930,5092
rand_0.1_412_net.csv,607,1448,1897,5103
rand_0.1_413_net.csv,600,1436,1923,5096
rand_0.1_414_net.csv,596,1445,1922,5092
rand_0.1_415_net.csv,596,1434,1933,5092
rand_0.1_416_net.csv,597,1447,1918,5093
rand_0.1_417_net.csv,611,1434,1903,5107
rand_0.1_418_net.csv,618,1415,1908,5114
rand_0.1_419_net.csv,612,1422,1913,5108
rand_0.1_42_net.csv,592,1417,1958,5089
rand_0.1_420_net.csv,605,1437,1912,5101
rand_0.1_421_net.csv,594,1445,1926,5090
rand_0.1_422_net.csv,589,1440,1941,5085
rand_0.1_423_net.csv,608,1423,1920,5104
rand_0.1_424_net.csv,605,1424,1925,5101
rand_0.1_425_net.csv,618,1399,1924,5114
rand_0.1_426_net.csv,623,1397,1916,5119
rand_0.1_427_net.csv,627,1389,1916,5123
rand_0.1_428_net.csv,610,1405,1934,5106
rand_0.1_429_net.csv,621,1403,1914,5117
rand_0.1_43_net.csv,589,1411,1970,5086
rand_0.1_430_net.csv,613,1400,1933,5109
rand_0.1_431_net.csv,603,1425,1928,5099
rand_0.1_432_net.csv,595,1434,1935,5091
rand_0.1_433_net.csv,590,1435,1944,5086
rand_0.1_434_net.csv,598,1434,1929,5094
rand_0.1_435_net.csv,605,1435,1914,5101
rand_0.1_436_net.csv,602,1441,1914,5098
rand_0.1_437_net.csv,605,1424,1925,5101
rand_0.1_438_net.csv,603,1430,1923,5099
rand_0.1_439_net.csv,603,1439,1914,5099
rand_0.1_44_net.csv,594,1416,1955,5091
rand_0.1_440_net.csv,600,1450,1909,5096
rand_0.1_441_net.csv,594,1472,1899,5090
rand_0.1_442_net.csv,612,1427,1908,5108
rand_0.1_443_net.csv,605,1428,1921,5101
rand_0.1_444_net.csv,611,1429,1908,5107
rand_0.1_445_net.csv,611,1398,1939,5107
rand_0.1_446_net.csv,606,1404,1943,5102
rand_0.1_447_net.csv,601,1391,1966,5097
rand_0.1_448_net.csv,605,1411,1938,5101
rand_0.1_449_net.csv,609,1426,1915,5105
rand_0.1_45_net.csv,595,1404,1965,5092
rand_0.1_450_net.csv,607,1431,1914,5103
rand_0.1_451_net.csv,619,1413,1908,5115
rand_0.1_452_net.csv,608,1412,1931,5104
rand_0.1_453_net.csv,608,1421,1922,5104
rand_0.1_454_net.csv,605,1439,1910,5101
rand_0.1_455_net.csv,610,1420,1919,5106
rand_0.1_456_net.csv,596,1426,1941,5092
rand_0.1_457_net.csv,587,1419,1966,5083
rand_0.1_458_net.csv,586,1426,1961,5082
rand_0.1_459_net.csv,578,1436,1967,5074
rand_0.1_46_net.csv,592,1390,1985,5089
rand_0.1_460_net.csv,577,1438,1967,5073
rand_0.1_461_net.csv,588,1442,1941,5084
rand_0.1_462_net.csv,589,1418,1963,5085
rand_0.1_463_net.csv,596,1425,1942,5092
rand_0.1_464_net.csv,608,1432,1911,5104
rand_0.1_465_net.csv,602,1444,1911,5098
rand_0.1_466_net.csv,613,1434,1899,5109
rand_0.1_467_net.csv,615,1442,1887,5111
rand_0.1_468_net.csv,616,1453,1874,5112
rand_0.1_469_net.csv,608,1475,1868,5104
rand_0.1_47_net.csv,596,1403,1964,5093
rand_0.1_470_net.csv,612,1440,1895,5108
rand_0.1_471_net.csv,612,1415,1920,5108
rand_0.1_472_net.csv,628,1400,1903,5124
rand_0.1_473_net.csv,623,1422,1891,5119
rand_0.1_474_net.csv,619,1402,1919,5115
rand_0.1_475_net.csv,619,1412,1909,5115
rand_0.1_476_net.csv,623,1397,1916,5119
rand_0.1_477_net.csv,618,1391,1932,5114
rand_0.1_478_net.csv,622,1388,1927,5118
rand_0.1_479_net.csv,610,1385,1954,5106
rand_0.1_48_net.csv,598,1410,1953,5095
rand_0.1_480_net.csv,606,1392,1955,5102
rand_0.1_481_net.csv,623,1373,1940,5119
rand_0.1_482_net.csv,608,1402,1941,5104
rand_0.1_483_net.csv,597,1432,1933,5093
rand_0.1_484_net.csv,617,1418,1907,5113
rand_0.1_485_net.csv,608,1412,1931,5104
rand_0.1_486_net.csv,609,1419,1922,5105
rand_0.1_487_net.csv,620,1387,1932,5116
rand_0.1_488_net.csv,620,1393,1926,5116
rand_0.1_489_net.csv,618,1385,1938,5114
rand_0.1_49_net.csv,578,1436,1967,5075
rand_0.1_490_net.csv,622,1398,1917,5118
rand_0.1_491_net.csv,616,1413,1914,5112
rand_0.1_492_net.csv,613,1421,1912,5109
rand_0.1_493_net.csv,609,1433,1908,5105
rand_0.1_494_net.csv,612,1441,1894,5108
rand_0.1_495_net.csv,615,1425,1904,5111
rand_0.1_496_net.csv,609,1419,1922,5105
rand_0.1_497_net.csv,619,1400,1921,5115
rand_0.1_498_net.csv,614,1400,1931,5110
rand_0.1_499_net.csv,604,1431,1920,5100
rand_0.1_5_net.csv,723,1357,1756,5219
rand_0.1_50_net.csv,589,1427,1954,5086
rand_0.1_500_net.csv,598,1424,1939,5094
rand_0.1_501_net.csv,604,1435,1916,5100
rand_0.1_502_net.csv,593,1436,1937,5089
rand_0.1_503_net.csv,610,1428,1911,5106
rand_0.1_504_net.csv,615,1420,1909,5111
rand_0.1_505_net.csv,609,1436,1905,5105
rand_0.1_506_net.csv,610,1438,1901,5106
rand_0.1_507_net.csv,595,1435,1934,5091
rand_0.1_508_net.csv,597,1440,1925,5093
rand_0.1_509_net.csv,617,1434,1891,5113
rand_0.1_51_net.csv,600,1417,1942,5097
rand_0.1_510_net.csv,611,1418,1919,5107
rand_0.1_511_net.csv,620,1411,1908,5116
rand_0.1_512_net.csv,619,1407,1914,5115
rand_0.1_513_net.csv,610,1408,1931,5106
rand_0.1_514_net.csv,606,1413,1934,5102
rand_0.1_515_net.csv,601,1419,1938,5097
rand_0.1_516_net.csv,597,1417,1948,5093
rand_0.1_517_net.csv,596,1408,1959,5092
rand_0.1_518_net.csv,602,1416,1939,5098
rand_0.1_519_net.csv,604,1423,1928,5100
rand_0.1_52_net.csv,597,1409,1956,5094
rand_0.1_520_net.csv,623,1384,1929,5119
rand_0.1_521_net.csv,626,1392,1915,5122
rand_0.1_522_net.csv,635,1389,1900,5131
rand_0.1_523_net.csv,630,1421,1878,5126
rand_0.1_524_net.csv,620,1442,1877,5116
rand_0.1_525_net.csv,619,1429,1892,5115
rand_0.1_526_net.csv,627,1415,1890,5123
rand_0.1_527_net.csv,609,1434,1907,5105
rand_0.1_528_net.csv,609,1429,1912,5105
rand_0.1_529_net.csv,614,1406,1925,5110
rand_0.1_53_net.csv,603,1410,1943,5100
rand_0.1_530_net.csv,619,1409,1912,5115
rand_0.1_531_net.csv,612,1403,1932,5108
rand_0.1_532_net.csv,620,1382,1937,5116
rand_0.1_533_net.csv,630,1398,1901,5126
rand_0.1_534_net.csv,643,1377,1896,5139
rand_0.1_535_net.csv,630,1403,1896,5126
rand_0.1_536_net.csv,631,1393,1904,5127
rand_0.1_537_net.csv,619,1398,1923,5115
rand_0.1_538_net.csv,638,1383,1900,5134
rand_0.1_539_net.csv,619,1398,1923,5115
rand_0.1_54_net.csv,595,1430,1939,5092
rand_0.1_540_net.csv,621,1402,1915,5117
rand_0.1_541_net.csv,611,1395,1942,5107
rand_0.1_542_net.csv,620,1416,1903,5116
rand_0.1_543_net.csv,619,1397,1924,5115
rand_0.1_544_net.csv,622,1398,1917,5118
rand_0.1_545_net.csv,618,1403,1920,5114
rand_0.1_546_net.csv,625,1403,1906,5121
rand_0.1_547_net.csv,630,1410,1889,5126
rand_0.1_548_net.csv,623,1414,1899,5119
rand_0.1_549_net.csv,624,1397,1914,5120
rand_0.1_55_net.csv,608,1401,1942,5105
rand_0.1_550_net.csv,625,1427,1882,5121
rand_0.1_551_net.csv,618,1413,1910,5114
rand_0.1_552_net.csv,607,1427,1918,5103
rand_0.1_553_net.csv,609,1403,1938,5105
rand_0.1_554_net.csv,597,1417,1948,5093
rand_0.1_555_net.csv,596,1444,1923,5092
rand_0.1_556_net.csv,598,1420,1943,5094
rand_0.1_557_net.csv,605,1408,1941,5101
rand_0.1_558_net.csv,609,1425,1916,5105
rand_0.1_559_net.csv,602,1444,1911,5098
rand_0.1_56_net.csv,621,1389,1928,5118
rand_0.1_560_net.csv,612,1425,1910,5108
rand_0.1_561_net.csv,606,1443,1904,5102
rand_0.1_562_net.csv,606,1421,1926,5102
rand_0.1_563_net.csv,600,1433,1926,5096
rand_0.1_564_net.csv,612,1415,1920,5108
rand_0.1_565_net.csv,623,1417,1896,5119
rand_0.1_566_net.csv,617,1411,1914,5113
rand_0.1_567_net.csv,597,1414,1951,5093
rand_0.1_568_net.csv,614,1398,1933,5110
rand_0.1_569_net.csv,618,1399,1924,5114
rand_0.1_57_net.csv,606,1406,1941,5103
rand_0.1_570_net.csv,612,1409,1926,5108
rand_0.1_571_net.csv,613,1421,1912,5109
rand_0.1_572_net.csv,604,1407,1944,5100
rand_0.1_573_net.csv,612,1413,1922,5108
rand_0.1_574_net.csv,624,1401,1910,5120
rand_0.1_575_net.csv,631,1392,1905,5127
rand_0.1_576_net.csv,623,1396,1917,5119
rand_0.1_577_net.csv,618,1391,1932,5114
rand_0.1_578_net.csv,602,1416,1939,5098
rand_0.1_579_net.csv,602,1399,1956,5098
rand_0.1_58_net.csv,608,1411,1932,5105
rand_0.1_580_net.csv,608,1400,1943,5104
rand_0.1_581_net.csv,614,1407,1924,5110
rand_0.1_582_net.csv,613,1415,1918,5109
rand_0.1_583_net.csv,599,1439,1922,5095
rand_0.1_584_net.csv,602,1445,1910,5098
rand_0.1_585_net.csv,600,1446,1913,5096
rand_0.1_586_net.csv,616,1412,1915,5112
rand_0.1_587_net.csv,609,1426,1915,5105
rand_0.1_588_net.csv,605,1440,1909,5101
rand_0.1_589_net.csv,608,1422,1921,5104
rand_0.1_59_net.csv,597,1403,1962,5094
rand_0.1_590_net.csv,627,1426,1879,5123
rand_0.1_591_net.csv,624,1411,1900,5120
rand_0.1_592_net.csv,617,1434,1891,5113
rand_0.1_593_net.csv,615,1425,1904,5111
rand_0.1_594_net.csv,624,1423,1888,5120
rand_0.1_595_net.csv,621,1429,1888,5117
rand_0.1_596_net.csv,612,1423,1912,5108
rand_0.1_597_net.csv,619,1426,1895,5115
rand_0.1_598_net.csv,623,1421,1892,5119
rand_0.1_599_net.csv,635,1390,1899,5131
rand_0.1_6_net.csv,699,1364,1797,5195
rand_0.1_60_net.csv,603,1389,1964,5100
rand_0.1_600_net.csv,627,1402,1903,5123
rand_0.1_601_net.csv,630,1411,1888,5126
rand_0.1_602_net.csv,638,1378,1905,5134
rand_0.1_603_net.csv,638,1386,1897,5134
rand_0.1_604_net.csv,629,1394,1907,5125
rand_0.1_605_net.csv,643,1386,1887,5139
rand_0.1_606_net.csv,624,1401,1910,5120
rand_0.1_607_net.csv,614,1416,1915,5110
rand_0.1_608_net.csv,607,1436,1909,5103
rand_0.1_609_net.csv,605,1438,1911,5101
rand_0.1_61_net.csv,598,1394,1969,5095
rand_0.1_610_net.csv,604,1442,1909,5100
rand_0.1_611_net.csv,611,1436,1901,5107
rand_0.1_612_net.csv,617,1429,1896,5113
rand_0.1_613_net.csv,611,1448,1889,5107
rand_0.1_614_net.csv,621,1434,1883,5117
rand_0.1_615_net.csv,609,1426,1915,5105
rand_0.1_616_net.csv,618,1422,1901,5114
rand_0.1_617_net.csv,617,1419,1906,5113
rand_0.1_618_net.csv,608,1425,1918,5104
rand_0.1_619_net.csv,609,1420,1921,5105
rand_0.1_62_net.csv,593,1403,1970,5090
rand_0.1_620_net.csv,603,1443,1910,5099
rand_0.1_621_net.csv,609,1427,1914,5105
rand_0.1_622_net.csv,590,1464,1915,5086
rand_0.1_623_net.csv,588,1477,1906,5084
rand_0.1_624_net.csv,601,1461,1896,5097
rand_0.1_625_net.csv,589,1455,1926,5085
rand_0.1_626_net.csv,600,1444,1915,5096
rand_0.1_627_net.csv,602,1411,1944,5098
rand_0.1_628_net.csv,609,1416,1925,5105
rand_0.1_629_net.csv,615,1419,1910,5111
rand_0.1_63_net.csv,613,1379,1954,5110
rand_0.1_630_net.csv,612,1407,1928,5108
rand_0.1_631_net.csv,598,1464,1899,5094
rand_0.1_632_net.csv,594,1453,1918,5090
rand_0.1_633_net.csv,598,1416,1947,5094
rand_0.1_634_net.csv,591,1412,1965,5087
rand_0.1_635_net.csv,594,1417,1954,5090
rand_0.1_636_net.csv,599,1418,1943,5095
rand_0.1_637_net.csv,596,1407,1960,5092
rand_0.1_638_net.csv,602,1421,1934,5098
rand_0.1_639_net.csv,597,1419,1946,5093
rand_0.1_64_net.csv,609,1403,1938,5106
rand_0.1_640_net.csv,593,1432,1941,5089
rand_0.1_641_net.csv,596,1406,1961,5092
rand_0.1_642_net.csv,593,1416,1957,5089
rand_0.1_643_net.csv,606,1406,1941,5102
rand_0.1_644_net.csv,607,1412,1933,5103
rand_0.1_645_net.csv,601,1433,1924,5097
rand_0.1_646_net.csv,598,1414,1949,5094
rand_0.1_647_net.csv,591,1421,1956,5087
rand_0.1_648_net.csv,603,1403,1950,5099
rand_0.1_649_net.csv,614,1417,1914,5110
rand_0.1_65_net.csv,596,1411,1956,5093
rand_0.1_650_net.csv,595,1434,1935,5091
rand_0.1_651_net.csv,598,1428,1935,5094
rand_0.1_652_net.csv,582,1434,1961,5078
rand_0.1_653_net.csv,607,1428,1917,5103
rand_0.1_654_net.csv,607,1433,1912,5103
rand_0.1_655_net.csv,603,1448,1905,5099
rand_0.1_656_net.csv,620,1426,1893,5116
rand_0.1_657_net.csv,623,1414,1899,5119
rand_0.1_658_net.csv,607,1423,1922,5103
rand_0.1_659_net.csv,605,1423,1926,5101
rand_0.1_66_net.csv,584,1437,1954,5081
rand_0.1_660_net.csv,594,1445,1926,5090
rand_0.1_661_net.csv,599,1411,1950,5095
rand_0.1_662_net.csv,604,1413,1938,5100
rand_0.1_663_net.csv,622,1408,1907,5118
rand_0.1_664_net.csv,612,1429,1906,5108
rand_0.1_665_net.csv,594,1445,1926,5090
rand_0.1_666_net.csv,587,1451,1934,5083
rand_0.1_667_net.csv,586,1442,1945,5082
rand_0.1_668_net.csv,586,1442,1945,5082
rand_0.1_669_net.csv,591,1448,1929,5087
rand_0.1_67_net.csv,594,1419,1952,5091
rand_0.1_670_net.csv,600,1433,1926,5096
rand_0.1_671_net.csv,584,1448,1943,5080
rand_0.1_672_net.csv,590,1420,1959,5086
rand_0.1_673_net.csv,594,1441,1930,5090
rand_0.1_674_net.csv,598,1425,1938,5094
rand_0.1_675_net.csv,610,1404,1935,5106
rand_0.1_676_net.csv,626,1390,1917,5122
rand_0.1_677_net.csv,627,1389,1916,5123
rand_0.1_678_net.csv,616,1387,1940,5112
rand_0.1_679_net.csv,624,1402,1909,5120
rand_0.1_68_net.csv,590,1416,1963,5087
rand_0.1_680_net.csv,622,1382,1933,5118
rand_0.1_681_net.csv,626,1399,1908,5122
rand_0.1_682_net.csv,625,1406,1903,5121
rand_0.1_683_net.csv,604,1416,1935,5100
rand_0.1_684_net.csv,608,1415,1928,5104
rand_0.1_685_net.csv,611,1434,1903,5107
rand_0.1_686_net.csv,607,1420,1925,5103
rand_0.1_687_net.csv,616,1421,1906,5112
rand_0.1_688_net.csv,619,1412,1909,5115
rand_0.1_689_net.csv,616,1415,1912,5112
rand_0.1_69_net.csv,589,1408,1973,5086
rand_0.1_690_net.csv,620,1399,1920,5116
rand_0.1_691_net.csv,616,1409,1918,5112
rand_0.1_692_net.csv,611,1396,1941,5107
rand_0.1_693_net.csv,612,1414,1921,5108
rand_0.1_694_net.csv,612,1409,1926,5108
rand_0.1_695_net.csv,625,1412,1897,5121
rand_0.1_696_net.csv,630,1404,1895,5126
rand_0.1_697_net.csv,634,1409,1882,5130
rand_0.1_698_net.csv,623,1415,1898,5119
rand_0.1_699_net.csv,621,1417,1900,5117
rand_0.1_7_net.csv,688,1353,1830,5183
rand_0.1_70_net.csv,596,1406,1961,5093
rand_0.1_700_net.csv,609,1416,1925,5105
rand_0.1_701_net.csv,611,1390,1947,5107
rand_0.1_702_net.csv,618,1402,1921,5114
rand_0.1_703_net.csv,617,1407,1918,5113
rand_0.1_704_net.csv,619,1401,1920,5115
rand_0.1_705_net.csv,628,1399,1904,5124
rand_0.1_706_net.csv,608,1425,1918,5104
rand_0.1_707_net.csv,607,1431,1914,5103
rand_0.1_708_net.csv,627,1396,1909,5123
rand_0.1_709_net.csv,633,1383,1910,5129
rand_0.1_71_net.csv,595,1411,1958,5092
rand_0.1_710_net.csv,622,1404,1911,5118
rand_0.1_711_net.csv,615,1430,1899,5111
rand_0.1_712_net.csv,606,1424,1923,5102
rand_0.1_713_net.csv,616,1396,1931,5112
rand_0.1_714_net.csv,623,1400,1913,5119
rand_0.1_715_net.csv,621,1409,1908,5117
rand_0.1_716_net.csv,615,1419,1910,5111
rand_0.1_717_net.csv,613,1445,1888,5109
rand_0.1_718_net.csv,611,1429,1908,5107
rand_0.1_719_net.csv,611,1436,1901,5107
rand_0.1_72_net.csv,605,1397,1952,5102
rand_0.1_720_net.csv,603,1413,1940,5099
rand_0.1_721_net.csv,615,1418,1911,5111
rand_0.1_722_net.csv,604,1434,1917,5100
rand_0.1_723_net.csv,594,1441,1930,5090
rand_0.1_724_net.csv,586,1448,1939,5082
rand_0.1_725_net.csv,590,1457,1922,5086
rand_0.1_726_net.csv,596,1460,1907,5092
rand_0.1_727_net.csv,596,1430,1937,5092
rand_0.1_728_net.csv,604,1427,1924,5100
rand_0.1_729_net.csv,607,1433,1912,5103
rand_0.1_73_net.csv,591,1415,1962,5088
rand_0.1_730_net.csv,608,1419,1924,5104
rand_0.1_731_net.csv,618,1394,1929,5114
rand_0.1_732_net.csv,619,1407,1914,5115
rand_0.1_733_net.csv,594,1443,1928,5090
rand_0.1_734_net.csv,613,1421,1912,5109
rand_0.1_735_net.csv,595,1447,1922,5091
rand_0.1_736_net.csv,593,1448,1925,5089
rand_0.1_737_net.csv,601,1413,1944,5097
rand_0.1_738_net.csv,601,1432,1925,5097
rand_0.1_739_net.csv,616,1404,1923,5112
rand_0.1_74_net.csv,603,1417,1936,5100
rand_0.1_740_net.csv,603,1427,1926,5099
rand_0.1_741_net.csv,604,1416,1935,5100
rand_0.1_742_net.csv,601,1426,1931,5097
rand_0.1_743_net.csv,602,1418,1937,5098
rand_0.1_744_net.csv,604,1403,1948,5100
rand_0.1_745_net.csv,608,1392,1951,5104
rand_0.1_746_net.csv,619,1382,1939,5115
rand_0.1_747_net.csv,609,1409,1932,5105
rand_0.1_748_net.csv,589,1422,1959,5085
rand_0.1_749_net.csv,604,1420,1931,5100
rand_0.1_75_net.csv,594,1417,1954,5091
rand_0.1_750_net.csv,609,1419,1922,5105
rand_0.1_751_net.csv,618,1392,1931,5114
rand_0.1_752_net.csv,619,1413,1908,5115
rand_0.1_753_net.csv,618,1407,1916,5114
rand_0.1_754_net.csv,613,1407,1926,5109
rand_0.1_755_net.csv,613,1405,1928,5109
rand_0.1_756_net.csv,618,1414,1909,5114
rand_0.1_757_net.csv,622,1427,1888,5118
rand_0.1_758_net.csv,612,1434,1901,5108
rand_0.1_759_net.csv,606,1450,1897,5102
rand_0.1_76_net.csv,596,1418,1949,5093
rand_0.1_760_net.csv,613,1426,1907,5109
rand_0.1_761_net.csv,619,1435,1886,5115
rand_0.1_762_net.csv,615,1416,1913,5111
rand_0.1_763_net.csv,617,1438,1887,5113
rand_0.1_764_net.csv,618,1437,1886,5114
rand_0.1_765_net.csv,616,1404,1923,5112
rand_0.1_766_net.csv,612,1409,1926,5108
rand_0.1_767_net.csv,610,1426,1913,5106
rand_0.1_768_net.csv,623,1419,1894,5119
rand_0.1_769_net.csv,627,1404,1901,5123
rand_0.1_77_net.csv,593,1418,1955,5090
rand_0.1_770_net.csv,627,1404,1901,5123
rand_0.1_771_net.csv,613,1405,1928,5109
rand_0.1_772_net.csv,607,1410,1935,5103
rand_0.1_773_net.csv,602,1403,1952,5098
rand_0.1_774_net.csv,598,1416,1947,5094
rand_0.1_775_net.csv,597,1412,1953,5093
rand_0.1_776_net.csv,605,1400,1949,5101
rand_0.1_777_net.csv,605,1421,1928,5101
rand_0.1_778_net.csv,618,1410,1913,5114
rand_0.1_779_net.csv,617,1414,1911,5113
rand_0.1_78_net.csv,587,1434,1951,5084
rand_0.1_780_net.csv,614,1407,1924,5110
rand_0.1_781_net.csv,605,1415,1934,5101
rand_0.1_782_net.csv,613,1428,1905,5109
rand_0.1_783_net.csv,621,1435,1882,5117
rand_0.1_784_net.csv,617,1419,1906,5113
rand_0.1_785_net.csv,626,1417,1890,5122
rand_0.1_786_net.csv,609,1418,1923,5105
rand_0.1_787_net.csv,612,1417,1918,5108
rand_0.1_788_net.csv,620,1392,1927,5116
rand_0.1_789_net.csv,619,1401,1920,5115
rand_0.1_79_net.csv,603,1424,1929,5100
rand_0.1_790_net.csv,614,1375,1956,5110
rand_0.1_791_net.csv,623,1368,1945,5119
rand_0.1_792_net.csv,626,1345,1962,5122
rand_0.1_793_net.csv,613,1361,1972,5109
rand_0.1_794_net.csv,626,1359,1948,5122
rand_0.1_795_net.csv,621,1361,1956,5117
rand_0.1_796_net.csv,618,1361,1962,5114
rand_0.1_797_net.csv,616,1395,1932,5112
rand_0.1_798_net.csv,591,1430,1947,5087
rand_0.1_799_net.csv,607,1417,1928,5103
rand_0.1_8_net.csv,668,1358,1865,5163
rand_0.1_80_net.csv,612,1401,1934,5109
rand_0.1_800_net.csv,615,1397,1932,5111
rand_0.1_801_net.csv,620,1382,1937,5116
rand_0.1_802_net.csv,623,1413,1900,5119
rand_0.1_803_net.csv,622,1412,1903,5118
rand_0.1_804_net.csv,626,1396,1911,5122
rand_0.1_805_net.csv,625,1401,1908,5121
rand_0.1_806_net.csv,637,1387,1898,5133
rand_0.1_807_net.csv,618,1422,1901,5114
rand_0.1_808_net.csv,623,1424,1889,5119
rand_0.1_809_net.csv,619,1416,1905,5115
rand_0.1_81_net.csv,608,1397,1946,5105
rand_0.1_810_net.csv,607,1438,1907,5103
rand_0.1_811_net.csv,614,1436,1895,5110
rand_0.1_812_net.csv,613,1442,1891,5109
rand_0.1_813_net.csv,614,1458,1873,5110
rand_0.1_814_net.csv,617,1444,1881,5113
rand_0.1_815_net.csv,620,1436,1883,5116
rand_0.1_816_net.csv,611,1436,1901,5107
rand_0.1_817_net.csv,620,1437,1882,5116
rand_0.1_818_net.csv,634,1418,1873,5130
rand_0.1_819_net.csv,611,1438,1899,5107
rand_0.1_82_net.csv,612,1387,1948,5109
rand_0.1_820_net.csv,605,1441,1908,5101
rand_0.1_821_net.csv,600,1441,1918,5096
rand_0.1_822_net.csv,608,1416,1927,5104
rand_0.1_823_net.csv,596,1429,1938,5092
rand_0.1_824_net.csv,603,1424,1929,5099
rand_0.1_825_net.csv,597,1427,1938,5093
rand_0.1_826_net.csv,601,1431,1926,5097
rand_0.1_827_net.csv,603,1434,1919,5099
rand_0.1_828_net.csv,599,1410,1951,5095
rand_0.1_829_net.csv,616,1413,1914,5112
rand_0.1_83_net.csv,602,1388,1967,5099
rand_0.1_830_net.csv,625,1394,1915,5121
rand_0.1_831_net.csv,619,1409,1912,5115
rand_0.1_832_net.csv,610,1421,1918,5106
rand_0.1_833_net.csv,619,1396,1925,5115
rand_0.1_834_net.csv,616,1399,1928,5112
rand_0.1_835_net.csv,611,1417,1920,5107
rand_0.1_836_net.csv,612,1422,1913,5108
rand_0.1_837_net.csv,606,1435,1912,5102
rand_0.1_838_net.csv,593,1452,1921,5089
rand_0.1_839_net.csv,607,1444,1901,5103
rand_0.1_84_net.csv,615,1395,1934,5112
rand_0.1_840_net.csv,612,1424,1911,5108
rand_0.1_841_net.csv,606,1408,1939,5102
rand_0.1_842_net.csv,599,1408,1953,5095
rand_0.1_843_net.csv,600,1404,1955,5096
rand_0.1_844_net.csv,605,1403,1946,5101
rand_0.1_845_net.csv,595,1413,1956,5091
rand_0.1_846_net.csv,600,1407,1952,5096
rand_0.1_847_net.csv,581,1437,1960,5077
rand_0.1_848_net.csv,593,1430,1943,5089
rand_0.1_849_net.csv,602,1417,1938,5098
rand_0.1_85_net.csv,612,1410,1925,5109
rand_0.1_850_net.csv,618,1405,1918,5114
rand_0.1_851_net.csv,606,1428,1919,5102
rand_0.1_852_net.csv,621,1405,1912,5117
rand_0.1_853_net.csv,612,1414,1921,5108
rand_0.1_854_net.csv,603,1398,1955,5099
rand_0.1_855_net.csv,612,1412,1923,5108
rand_0.1_856_net.csv,602,1434,1921,5098
rand_0.1_857_net.csv,604,1426,1925,5100
rand_0.1_858_net.csv,598,1426,1937,5094
rand_0.1_859_net.csv,612,1412,1923,5108
rand_0.1_86_net.csv,606,1396,1951,5103
rand_0.1_860_net.csv,614,1416,1915,5110
rand_0.1_861_net.csv,607,1432,1913,5103
rand_0.1_862_net.csv,588,1455,1928,5084
rand_0.1_863_net.csv,575,1467,1942,5071
rand_0.1_864_net.csv,584,1436,1955,5080
rand_0.1_865_net.csv,592,1430,1945,5088
rand_0.1_866_net.csv,595,1426,1943,5091
rand_0.1_867_net.csv,601,1428,1929,5097
rand_0.1_868_net.csv,609,1428,1913,5105
rand_0.1_869_net.csv,606,1403,1944,5102
rand_0.1_87_net.csv,592,1440,1935,5089
rand_0.1_870_net.csv,609,1401,1940,5105
rand_0.1_871_net.csv,614,1411,1920,5110
rand_0.1_872_net.csv,602,1410,1945,5098
rand_0.1_873_net.csv,590,1445,1934,5086
rand_0.1_874_net.csv,590,1450,1929,5086
rand_0.1_875_net.csv,594,1447,1924,5090
rand_0.1_876_net.csv,583,1456,1937,5079
rand_0.1_877_net.csv,589,1452,1929,5085
rand_0.1_878_net.csv,602,1441,1914,5098
rand_0.1_879_net.csv,606,1426,1921,5102
rand_0.1_88_net.csv,592,1438,1937,5089
rand_0.1_880_net.csv,608,1441,1902,5104
rand_0.1_881_net.csv,625,1430,1879,5121
rand_0.1_882_net.csv,612,1423,1912,5108
rand_0.1_883_net.csv,621,1403,1914,5117
rand_0.1_884_net.csv,611,1419,1918,5107
rand_0.1_885_net.csv,603,1431,1922,5099
rand_0.1_886_net.csv,601,1439,1918,5097
rand_0.1_887_net.csv,607,1439,1906,5103
rand_0.1_888_net.csv,613,1450,1883,5109
rand_0.1_889_net.csv,607,1441,1904,5103
rand_0.1_89_net.csv,589,1444,1937,5086
rand_0.1_890_net.csv,624,1433,1878,5120
rand_0.1_891_net.csv,617,1440,1885,5113
rand_0.1_892_net.csv,611,1449,1888,5107
rand_0.1_893_net.csv,606,1443,1904,5102
rand_0.1_894_net.csv,612,1428,1907,5108
rand_0.1_895_net.csv,606,1426,1921,5102
rand_0.1_896_net.csv,586,1439,1948,5082
rand_0.1_897_net.csv,588,1441,1942,5084
rand_0.1_898_net.csv,571,1452,1965,5067
rand_0.1_899_net.csv,583,1438,1955,5079
rand_0.1_9_net.csv,657,1360,1885,5152
rand_0.1_90_net.csv,604,1442,1909,5101
rand_0.1_900_net.csv,598,1421,1942,5094
rand_0.1_901_net.csv,595,1405,1964,5091
rand_0.1_902_net.csv,605,1406,1943,5101
rand_0.1_903_net.csv,606,1422,1925,5102
rand_0.1_904_net.csv,607,1403,1942,5103
rand_0.1_905_net.csv,604,1416,1935,5100
rand_0.1_906_net.csv,606,1409,1938,5102
rand_0.1_907_net.csv,602,1426,1929,5098
rand_0.1_908_net.csv,594,1416,1955,5090
rand_0.1_909_net.csv,596,1421,1946,5092
rand_0.1_91_net.csv,612,1428,1907,5109
rand_0.1_910_net.csv,604,1436,1915,5100
rand_0.1_911_net.csv,607,1410,1935,5103
rand_0.1_912_net.csv,610,1418,1921,5106
rand_0.1_913_net.csv,611,1421,1916,5107
rand_0.1_914_net.csv,594,1456,1915,5090
rand_0.1_915_net.csv,603,1425,1928,5099
rand_0.1_916_net.csv,599,1436,1925,5095
rand_0.1_917_net.csv,591,1450,1927,5087
rand_0.1_918_net.csv,604,1433,1918,5100
rand_0.1_919_net.csv,611,1421,1916,5107
rand_0.1_92_net.csv,614,1410,1921,5111
rand_0.1_920_net.csv,607,1428,1917,5103
rand_0.1_921_net.csv,612,1404,1931,5108
rand_0.1_922_net.csv,614,1422,1909,5110
rand_0.1_923_net.csv,614,1415,1916,5110
rand_0.1_924_net.csv,613,1419,1914,5109
rand_0.1_925_net.csv,601,1443,1914,5097
rand_0.1_926_net.csv,602,1425,1930,5098
rand_0.1_927_net.csv,594,1444,1927,5090
rand_0.1_928_net.csv,595,1434,1935,5091
rand_0.1_929_net.csv,592,1455,1920,5088
rand_0.1_93_net.csv,621,1402,1915,5118
rand_0.1_930_net.csv,599,1452,1909,5095
rand_0.1_931_net.csv,601,1417,1940,5097
rand_0.1_932_net.csv,602,1431,1924,5098
rand_0.1_933_net.csv,603,1417,1936,5099
rand_0.1_934_net.csv,626,1405,1902,5122
rand_0.1_935_net.csv,616,1436,1891,5112
rand_0.1_936_net.csv,623,1430,1883,5119
rand_0.1_937_net.csv,637,1416,1869,5133
rand_0.1_938_net.csv,634,1414,1877,5130
rand_0.1_939_net.csv,631,1412,1885,5127
rand_0.1_94_net.csv,619,1410,1911,5116
rand_0.1_940_net.csv,629,1412,1889,5125
rand_0.1_941_net.csv,634,1412,1879,5130
rand_0.1_942_net.csv,624,1428,1883,5120
rand_0.1_943_net.csv,634,1396,1895,5130
rand_0.1_944_net.csv,612,1408,1927,5108
rand_0.1_945_net.csv,625,1390,1919,5121
rand_0.1_946_net.csv,619,1400,1921,5115
rand_0.1_947_net.csv,639,1412,1869,5135
rand_0.1_948_net.csv,648,1387,1876,5144
rand_0.1_949_net.csv,645,1387,1882,5141
rand_0.1_95_net.csv,620,1408,1911,5117
rand_0.1_950_net.csv,627,1391,1914,5123
rand_0.1_951_net.csv,607,1416,1929,5103
rand_0.1_952_net.csv,610,1393,1946,5106
rand_0.1_953_net.csv,605,1403,1946,5101
rand_0.1_954_net.csv,606,1416,1931,5102
rand_0.1_955_net.csv,637,1375,1910,5133
rand_0.1_956_net.csv,616,1371,1956,5112
rand_0.1_957_net.csv,604,1375,1976,5100
rand_0.1_958_net.csv,599,1396,1965,5095
rand_0.1_959_net.csv,598,1408,1955,5094
rand_0.1_96_net.csv,634,1393,1898,5131
rand_0.1_960_net.csv,590,1415,1964,5086
rand_0.1_961_net.csv,600,1425,1934,5096
rand_0.1_962_net.csv,611,1412,1925,5107
rand_0.1_963_net.csv,620,1399,1920,5116
rand_0.1_964_net.csv,614,1396,1935,5110
rand_0.1_965_net.csv,604,1426,1925,5100
rand_0.1_966_net.csv,614,1407,1924,5110
rand_0.1_967_net.csv,604,1422,1929,5100
rand_0.1_968_net.csv,604,1414,1937,5100
rand_0.1_969_net.csv,604,1418,1933,5100
rand_0.1_97_net.csv,628,1387,1916,5125
rand_0.1_970_net.csv,605,1415,1934,5101
rand_0.1_971_net.csv,599,1437,1924,5095
rand_0.1_972_net.csv,609,1420,1921,5105
rand_0.1_973_net.csv,601,1403,1954,5097
rand_0.1_974_net.csv,597,1410,1955,5093
rand_0.1_975_net.csv,603,1408,1945,5099
rand_0.1_976_net.csv,587,1418,1967,5083
rand_0.1_977_net.csv,592,1401,1974,5088
rand_0.1_978_net.csv,592,1419,1956,5088
rand_0.1_979_net.csv,593,1427,1946,5089
rand_0.1_98_net.csv,625,1383,1926,5122
rand_0.1_980_net.csv,591,1421,1956,5087
rand_0.1_981_net.csv,583,1435,1958,5079
rand_0.1_982_net.csv,613,1405,1928,5109
rand_0.1_983_net.csv,607,1407,1938,5103
rand_0.1_984_net.csv,599,1416,1945,5095
rand_0.1_985_net.csv,609,1404,1937,5105
rand_0.1_986_net.csv,594,1416,1955,5090
rand_0.1_987_net.csv,600,1428,1931,5096
rand_0.1_988_net.csv,600,1435,1924,5096
rand_0.1_989_net.csv,588,1431,1952,5084
rand_0.1_99_net.csv,628,1385,1918,5125
rand_0.1_990_net.csv,600,1422,1937,5096
rand_0.1_991_net.csv,629,1392,1909,5125
rand_0.1_992_net.csv,611,1423,1914,5107
rand_0.1_993_net.csv,618,1426,1897,5114
rand_0.1_994_net.csv,614,1426,1905,5110
rand_0.1_995_net.csv,622,1417,1898,5118
rand_0.1_996_net.csv,614,1426,1905,5110
rand_0.1_997_net.csv,609,1434,1907,5105
rand_0.1_998_net.csv,606,1441,1906,5102
rand_0.1_999_net.csv,600,1439,1920,5096
